id,company_name,website_url,city,contact_name,contact_title,contact_email,specialization
1,BrightSmile Dental Care,https://brightsmiledental-example.com,Austin TX,Dr. Marcus Vance,Lead Dentist & Owner,marcus@brightsmiledental-example.com,General & Cosmetic Dentistry
2,Apex Pediatric Dentistry,https://apexpediatricdental-demo.org,Seattle WA,Sarah Jenkins,Clinic Operations Manager,sarah.j@apexpediatricdental-demo.org,Pediatric & Orthodontics
3,Harbor View Dental Studio,https://harborviewstudio-test.com,San Diego CA,Dr. Elena Rostova,Founder,elena@harborviewstudio-test.com,Implantology & Restorative
4,Metro Dental & Orthodontics,https://metrodentalgroup-demo.com,Chicago IL,David Miller,Practice Administrator,d.miller@metrodentalgroup-demo.com,Orthodontics & Invisalign
5,Sunset Family Dental,https://sunsetfamilydental-sample.net,Miami FL,Dr. Luis Morales,Principal Dentist,luis@sunsetfamilydental-sample.net,Family Dentistry & Emergency Care
6,Oakwood Implant & Periodontics,https://oakwoodperio-example.com,Denver CO,Amanda Brooks,Patient Coordinator,amanda@oakwoodperio-example.com,Periodontics & Dental Implants
7,Nova Clear Aligners & Dental,https://novadentalalign-demo.com,Boston MA,Dr. Kevin Chen,Clinical Director,kchen@novadentalalign-demo.com,Clear Aligner Therapy & Aesthetics
8,Pinnacle Sedation Dentistry,https://pinnaclesedation-test.org,Phoenix AZ,Rachel Adams,Marketing & Outreach Lead,rachel@pinnaclesedation-test.org,Sedation & Fear-Free Dentistry
9,Lakeside Dental Group,https://lakesidedental-sample.com,Minneapolis MN,Dr. Thomas Wright,Senior Partner,twright@lakesidedental-sample.com,Preventive & Restorative Dentistry
10,Prestige Aesthetic Dentists,https://prestigedental-demo.net,New York NY,Chloe Davenport,Front Desk Manager,chloe@prestigedental-demo.net,Veneers & Cosmetic Smile Makeovers
11,Cascade Emergency Dental Hub,https://cascadeemergencydental-test.com,Portland OR,Dr. Jason Lee,Emergency Clinic Director,jlee@cascadeemergencydental-test.com,24/7 Urgent & Emergency Dentistry
12,Solstice Holistic Dentistry,https://solsticeholisticdental-sample.org,Boulder CO,Dr. Maya Patel,Integrative Dentist & Owner,dr.maya@solsticeholisticdental-sample.org,Biocompatible & Holistic Dentistry
